id;people_id;personal_data;demographic_data;date_of_contact;employee;reason;description;action
1;USB;Internal Handmade port;Outdoors indigo Morocco;2024-01-11T11:31:20;Azerbaijan Mission;Multi-lateral Concrete;withdrawal Unbranded Buckinghamshire;generate Awesome
2;orchestrate Islands;Front-line;hybrid Security;2024-01-11T09:53:57;Salad Path;Cambridgeshire Dynamic;Quality;cross-platform
3;Savings Pound Handmade;Fish Steel protocol;Internal connecting Hat;2024-01-11T09:39:23;Granite;efficient copying;Soft Markets;withdrawal
4;back-end Rustic;Frozen European;Guernsey Neck Expanded;2024-01-11T16:09:05;hack navigating;Borders SCSI SDD;Checking;Facilitator
5;redundant payment PNG;Web Incredible;bricks-and-clicks index;2024-01-10T22:52:05;Infrastructure Mouse port;platforms;Chicken digital;Valleys models well-modulated
6;Cotton Concrete;Washington synergistic Direct;focus Naira Home;2024-01-11T04:51:29;Plain array panel;extranet Franc;Prairie;Generic Operative
7;Dynamic;monitoring bypassing e-commerce;Auto e-commerce partnerships;2024-01-11T14:07:35;capacitor up Rubber;rich;sky multi-byte;indexing
8;Tasty Naira Engineer;bluetooth Flats;Personal Cambridgeshire;2024-01-11T04:54:36;Concrete 1080p;Car Soft;Sausages;hard schemas
9;US Refined;Kina;Quality;2024-01-11T06:30:37;Rubber deposit;Berkshire Frozen;Dynamic Implementation;Savings Crest Identity
10;Bedfordshire;bypass Lithuania;Republic;2024-01-11T00:46:34;HDD;transmitting encryption;reintermediate;multi-byte
